variant_key,gene,review_stars,y_true,p_raw,p_calibrated,error_type,top1_feature,top1_shap,top2_feature,top2_shap,top3_feature,top3_shap
8:142875006:C:T,CYP11B1,1,1,0.6610581278800964,0.47554346919059753,false_negative,num__AN,-0.71185302734375,num__lof_z,0.4234824776649475,num__mis_z,-0.35104119777679443
2:165991740:G:C,SCN1A,1,1,0.6730235815048218,0.47554346919059753,false_negative,num__lof_z,-0.5555753111839294,num__phyloP100way_vertebrate,-0.5038877129554749,num__AN,-0.46238115429878235
14:24259769:G:C,TGM1,2,1,0.5533859729766846,0.42105263471603394,false_negative,num__phyloP100way_vertebrate,-0.7227112054824829,num__AN,-0.48473039269447327,num__lof_z,0.3950363099575043
8:38146108:C:T,STAR,2,1,0.1484682261943817,0.12958115339279175,false_negative,num__AN,-0.7484307289123535,num__log_AF,-0.6266726851463318,num__lof_z,0.4376387298107147
12:110281857:G:A,ATP2A2,1,1,0.6449106335639954,0.45769229531288147,false_negative,num__lof_z,-0.7437253594398499,num__AN,-0.6473128795623779,num__pfam_domain,0.35798561573028564
10:98430569:A:G,HPS1,1,1,0.20414963364601135,0.18201439082622528,false_negative,num__phyloP100way_vertebrate,-0.6710807681083679,num__AN,-0.5033653378486633,cat__alt_aa_P,0.4679505527019501
X:133304782:C:T,GPC4,1,1,0.27742940187454224,0.18201439082622528,false_negative,num__pfam_domain,0.5160300135612488,cat__alt_aa_P,0.48427528142929077,num__AN,-0.4546718895435333
9:132911451:A:G,TSC1,1,1,0.11519524455070496,0.0777009055018425,false_negative,num__lof_z,-0.7421032190322876,num__AN,-0.5365462303161621,cat__alt_aa_P,0.46049466729164124
19:852937:C:G,ELANE,1,1,0.2818911373615265,0.18201439082622528,false_negative,num__phyloP100way_vertebrate,-0.8415968418121338,num__phastCons100way_vertebrate,-0.47363635897636414,num__phastCons30way_mammalian,0.4718971252441406
19:50793774:G:A,ACP4,1,1,0.3789879083633423,0.25,false_negative,num__phyloP100way_vertebrate,-0.6752452850341797,num__AN,-0.4613443911075592,cat__alt_aa_P,0.3910028636455536
19:42286812:T:C,CIC,1,1,0.5750728249549866,0.45769229531288147,false_negative,num__lof_z,-0.7503889203071594,num__AN,-0.6554461717605591,num__oe_mis_upper,-0.36768054962158203
X:154765492:G:A,DKC1,1,1,0.11366727948188782,0.0777009055018425,false_negative,num__phyloP100way_vertebrate,-0.7671605348587036,num__pfam_domain,0.45447102189064026,cat__alt_aa_P,0.4450739026069641
X:153865820:C:T,L1CAM,1,1,0.18801528215408325,0.1444866955280304,false_negative,num__lof_z,-0.6458191871643066,num__phyloP100way_vertebrate,-0.535272479057312,num__AN,-0.37098342180252075
15:27871913:G:A,OCA2,1,1,0.478029727935791,0.32499998807907104,false_negative,num__AN,-0.631228506565094,cat__alt_aa_P,0.4767283499240875,num__lof_z,0.4555106461048126
16:8801825:C:A,PMM2,1,1,0.13433878123760223,0.08181818574666977,false_negative,num__phyloP100way_vertebrate,-0.9672761559486389,num__phastCons100way_vertebrate,-0.3970451056957245,num__pfam_domain,0.3879077136516571
12:6044430:C:T,VWF,1,1,0.04465179145336151,0.023458445444703102,false_negative,num__phyloP100way_vertebrate,-0.9030666947364807,num__lof_z,-0.4786219298839569,num__phyloP30way_mammalian,-0.3505842089653015
17:50167627:G:A,SGCA,1,1,0.5483589172363281,0.4065040647983551,false_negative,num__phyloP100way_vertebrate,-0.7737714052200317,num__AN,-0.5951353311538696,num__lof_z,0.38650593161582947
16:2114289:C:G,TSC2,1,1,0.034648094326257706,0.01279405690729618,false_negative,num__phyloP100way_vertebrate,-0.8637474775314331,num__lof_z,-0.45319345593452454,num__phastCons100way_vertebrate,-0.3771539032459259
1:197421057:G:A,CRB1,1,1,0.6164678931236267,0.45769229531288147,false_negative,num__AN,-0.6938652396202087,num__phyloP100way_vertebrate,0.47248929738998413,num__mis_z,-0.37321367859840393
16:50710912:G:T,NOD2,1,1,0.662409782409668,0.47554346919059753,false_negative,num__AN,-0.7630988359451294,num__phyloP100way_vertebrate,-0.4160957932472229,num__lof_z,0.3097632825374603
17:75730349:C:T,ITGB4,1,1,0.4690419137477875,0.3163265287876129,false_negative,num__phyloP100way_vertebrate,-0.6470575332641602,num__AN,-0.519438624382019,num__phyloP30way_mammalian,0.29991355538368225
1:197421948:G:T,CRB1,1,1,0.43416330218315125,0.278801828622818,false_negative,num__AN,-0.6279906034469604,num__mis_z,-0.5132945775985718,num__phyloP100way_vertebrate,0.3219192326068878
12:110323007:C:T,ATP2A2,1,1,0.6680791974067688,0.47554346919059753,false_negative,num__AN,-0.7063668966293335,num__lof_z,-0.6076147556304932,num__phyloP100way_vertebrate,0.3651675879955292
18:44951952:T:G,SETBP1,1,1,0.6287803053855896,0.45769229531288147,false_negative,num__phyloP100way_vertebrate,1.0104992389678955,num__lof_z,-0.7625376582145691,num__AN,-0.7466008067131042
20:63662472:A:C,RTEL1,1,1,0.02292819507420063,0.009353741072118282,false_negative,num__phyloP100way_vertebrate,-0.9326282143592834,num__phastCons100way_vertebrate,-0.576637327671051,num__mis_z,-0.49880629777908325
22:50625589:G:T,ARSA,1,1,0.548171877861023,0.4065040647983551,false_negative,num__AN,-0.564020574092865,num__phyloP100way_vertebrate,-0.5056627988815308,num__lof_z,0.42866969108581543
1:197421399:T:C,CRB1,1,1,0.6302561163902283,0.45769229531288147,false_negative,num__AN,-0.6022050380706787,num__mis_z,-0.4043216109275818,cat__alt_aa_P,0.3216312825679779
2:166037860:C:G,SCN1A,1,1,0.356861412525177,0.19557195901870728,false_negative,num__phyloP100way_vertebrate,-0.708596408367157,num__pfam_domain,0.49354100227355957,num__lof_z,-0.4840129017829895
15:89333598:G:A,POLG,1,1,0.036852773278951645,0.01279405690729618,false_negative,num__phyloP100way_vertebrate,-0.9516159892082214,num__pfam_domain,0.3713023364543915,cat__alt_aa_P,0.309393048286438
17:8229943:G:A,CTC1,2,1,0.5784955620765686,0.45769229531288147,false_negative,num__AN,-0.6089044213294983,num__phyloP100way_vertebrate,-0.5911012887954712,num__pfam_domain,0.33165299892425537
17:7224231:A:T,ACADVL,1,1,0.6010814905166626,0.45769229531288147,false_negative,num__AN,-0.6847878098487854,num__phyloP100way_vertebrate,-0.654563844203949,num__lof_z,0.47183775901794434
2:98391922:T:C,CNGA3,1,1,0.06616055220365524,0.04693486541509628,false_negative,num__phyloP100way_vertebrate,-1.0740113258361816,num__phastCons100way_vertebrate,-0.4911414682865143,cat__alt_aa_P,0.3312612473964691
4:67753825:C:T,GNRHR,1,1,0.5046175718307495,0.4065040647983551,false_negative,num__AN,-0.5135830044746399,cat__alt_aa_P,0.5042914152145386,num__lof_z,0.4440547823905945
12:6019456:T:C,VWF,1,1,0.3227717876434326,0.18886679410934448,false_negative,num__lof_z,-0.5988633632659912,num__AN,-0.5898818373680115,num__oe_mis_upper,-0.4028629958629608
1:181732588:G:C,CACNA1E,1,1,0.2938694953918457,0.18886679410934448,false_negative,num__phyloP100way_vertebrate,-0.8300859928131104,num__lof_z,-0.4176889657974243,num__pfam_domain,0.358801931142807
X:53607690:C:T,HUWE1,1,1,0.6049601435661316,0.45769229531288147,false_negative,num__lof_z,-0.8459637761116028,num__AN,-0.6775003671646118,num__phyloP100way_vertebrate,0.41780734062194824
X:153870934:G:A,L1CAM,1,1,0.6323217749595642,0.45769229531288147,false_negative,num__lof_z,-0.6717945337295532,num__phyloP100way_vertebrate,-0.4889710247516632,num__AN,-0.4646468162536621
1:154275153:G:A,HAX1,1,1,0.6722752451896667,0.47554346919059753,false_negative,num__AN,-0.700403094291687,num__lof_z,0.5208072066307068,cat__alt_aa_P,0.36802592873573303
12:6019447:C:G,VWF,3,1,0.41861844062805176,0.278801828622818,false_negative,num__AN,-0.6633979082107544,num__lof_z,-0.6392660140991211,cat__alt_aa_P,0.3989722430706024
12:6019213:T:G,VWF,1,1,0.12839066982269287,0.0777009055018425,false_negative,num__phyloP100way_vertebrate,-0.8939638137817383,num__lof_z,-0.6055447459220886,num__phastCons100way_vertebrate,-0.41572171449661255
7:44145180:C:G,GCK,1,1,0.0932568833231926,0.0777009055018425,false_negative,num__phyloP100way_vertebrate,-0.9853050112724304,num__pfam_domain,0.4977751076221466,num__phastCons100way_vertebrate,-0.4025188982486725
19:12665743:G:T,MAN2B1,2,1,0.43247219920158386,0.278801828622818,false_negative,num__phyloP100way_vertebrate,-0.9646013379096985,num__pfam_domain,0.4520767331123352,num__AN,-0.29723361134529114
16:2086740:C:T,TSC2,2,1,0.5259339213371277,0.4065040647983551,false_negative,num__phyloP100way_vertebrate,1.011941909790039,num__lof_z,-0.5951830744743347,num__AN,-0.5116008520126343
17:7221679:T:C,ACADVL,3,1,0.5084671974182129,0.4065040647983551,false_negative,num__phyloP100way_vertebrate,-1.0041273832321167,num__AN,-0.4784041941165924,cat__alt_aa_P,0.3905578851699829
10:70598250:C:T,PRF1,2,1,0.23991651833057404,0.18201439082622528,false_negative,num__phyloP100way_vertebrate,-0.5320032238960266,num__lof_z,0.46021223068237305,cat__alt_aa_P,0.41484442353248596
2:166058618:G:A,SCN1A,2,1,0.19987601041793823,0.18201439082622528,false_negative,num__phyloP100way_vertebrate,-0.5919543504714966,num__lof_z,-0.5644993782043457,num__AN,-0.47791188955307007
17:46929572:C:T,GOSR2,2,1,0.4447893500328064,0.3163265287876129,false_negative,num__phyloP100way_vertebrate,-0.6920512318611145,num__AN,-0.5082929730415344,num__pfam_domain,0.4605226218700409
9:95467344:T:G,PTCH1,1,1,0.5095605850219727,0.4065040647983551,false_negative,num__lof_z,-0.7565247416496277,num__phyloP100way_vertebrate,0.7009917497634888,num__AN,-0.5451146364212036
4:6301325:C:G,WFS1,1,1,0.07246221601963043,0.04693486541509628,false_negative,num__phyloP100way_vertebrate,-0.8430704474449158,num__lof_z,0.5714373588562012,num__mis_z,-0.44156312942504883
8:142915047:T:A,CYP11B2,1,1,0.5991477966308594,0.45769229531288147,false_negative,num__phyloP100way_vertebrate,-0.5734977722167969,num__AN,-0.44729459285736084,num__lof_z,0.44136860966682434
X:154765939:C:G,DKC1,1,1,0.3060348331928253,0.18886679410934448,false_negative,num__phyloP100way_vertebrate,-0.8897801041603088,num__pfam_domain,0.523433268070221,num__oe_mis_upper,0.40588200092315674
2:165992242:A:T,SCN1A,1,1,0.6429476141929626,0.45769229531288147,false_negative,num__phyloP100way_vertebrate,1.1286731958389282,num__BLOSUM62_score,-0.9799410104751587,num__AN,-0.4826633036136627
2:166047677:A:G,SCN1A,1,1,0.6376934051513672,0.45769229531288147,false_negative,num__phyloP100way_vertebrate,-0.7078700065612793,num__lof_z,-0.5567046999931335,num__pfam_domain,0.47897714376449585
18:57620612:G:A,NARS1,1,1,0.23772931098937988,0.18201439082622528,false_negative,num__AN,-0.6410505175590515,cat__alt_aa_P,0.5023597478866577,num__pfam_domain,0.3493155241012573
2:73453659:C:T,ALMS1,2,1,0.021638039499521255,0.009353741072118282,false_negative,num__phyloP100way_vertebrate,-0.8149160146713257,num__pLI,-0.5433611869812012,num__phastCons100way_vertebrate,-0.4649735689163208
15:27871175:G:T,OCA2,2,1,0.6716506481170654,0.47554346919059753,false_negative,num__phyloP100way_vertebrate,-0.7210890054702759,num__AN,-0.5619022846221924,num__lof_z,0.380337119102478
19:54930571:T:C,NLRP7,2,1,0.04823330417275429,0.023458445444703102,false_negative,num__phyloP100way_vertebrate,-0.9013007879257202,cat__alt_aa_P,0.3902599811553955,num__AN,-0.3105037808418274
22:50625399:C:T,ARSA,2,1,0.21311376988887787,0.18201439082622528,false_negative,num__phyloP100way_vertebrate,-0.7991761565208435,cat__alt_aa_P,0.42305606603622437,num__AN,-0.40144118666648865
5:177294548:A:G,NSD1,1,1,0.012176546268165112,0.004115226212888956,false_negative,num__BLOSUM62_score,-0.8391786813735962,num__phyloP100way_vertebrate,-0.8379261493682861,num__lof_z,-0.43109092116355896
12:13567150:A:C,GRIN2B,1,1,0.5631378889083862,0.45769229531288147,false_negative,num__phyloP100way_vertebrate,-0.6636627912521362,num__lof_z,-0.4875020980834961,num__pfam_domain,0.42729824781417847
2:166045283:A:C,SCN1A,1,1,0.5417375564575195,0.4065040647983551,false_negative,num__phyloP100way_vertebrate,-0.789542555809021,num__pfam_domain,0.4415643811225891,num__lof_z,-0.3566531836986542
3:50193150:A:G,GNAT1,1,1,0.652901291847229,0.47554346919059753,false_negative,num__AN,-0.631735622882843,num__lof_z,0.41776153445243835,cat__alt_aa_P,0.37839603424072266
17:75743790:C:T,ITGB4,1,1,0.5862885117530823,0.45769229531288147,false_negative,num__phyloP100way_vertebrate,-0.7219521403312683,num__AN,-0.49198827147483826,num__phastCons100way_vertebrate,0.31691429018974304
10:14945157:G:A,DCLRE1C,3,1,0.4456709325313568,0.3163265287876129,false_negative,num__AN,-0.778056263923645,cat__alt_aa_P,0.42009973526000977,num__pfam_domain,0.338916152715683
X:11298569:C:A,AMELX,1,1,0.4735885262489319,0.3163265287876129,false_negative,num__phyloP100way_vertebrate,-0.534392237663269,num__AN,-0.5269473195075989,cat__alt_aa_P,0.5191817283630371
2:73572975:C:T,ALMS1,1,1,0.010024765506386757,0.0031908105593174696,false_negative,num__phyloP100way_vertebrate,-0.829786479473114,num__pLI,-0.5133116245269775,num__mis_z,-0.43884244561195374
2:166013753:A:C,SCN1A,1,1,0.5480645895004272,0.4065040647983551,false_negative,num__phyloP100way_vertebrate,-0.771310567855835,num__pfam_domain,0.42904728651046753,num__lof_z,-0.4007192552089691
19:49597840:C:T,PRR12,2,1,0.3073483407497406,0.18886679410934448,false_negative,num__phyloP100way_vertebrate,-0.7361142039299011,num__lof_z,-0.4984506666660309,num__pfam_domain,0.4326592981815338
7:44145587:C:T,GCK,3,1,0.42110660672187805,0.278801828622818,false_negative,num__phyloP100way_vertebrate,-0.9262615442276001,num__pfam_domain,0.4774196445941925,num__AN,-0.41469359397888184
8:125044558:A:T,WASHC5,1,1,0.6736400723457336,0.47554346919059753,false_negative,num__BLOSUM62_score,-1.0912147760391235,num__phyloP100way_vertebrate,1.0083634853363037,num__AN,-0.584320068359375
20:54171644:C:T,CYP24A1,1,1,0.6479430198669434,0.4754098355770111,false_negative,num__phyloP100way_vertebrate,0.662789523601532,num__lof_z,0.552651047706604,num__AN,-0.5103041529655457
1:197356840:G:C,CRB1,1,1,0.34113118052482605,0.19557195901870728,false_negative,num__AN,-0.7120704650878906,cat__alt_aa_P,0.48256465792655945,num__mis_z,-0.3663286864757538
4:1003418:C:G,IDUA,3,1,0.40518584847450256,0.278801828622818,false_negative,num__phyloP100way_vertebrate,-0.7576115131378174,num__AN,-0.4699014127254486,num__lof_z,0.37149477005004883
16:75479216:G:A,CHST6,1,1,0.5164547562599182,0.4065040647983551,false_negative,num__phyloP100way_vertebrate,-0.6382627487182617,num__AN,-0.4188727140426636,num__lof_z,0.3760874569416046
2:165998156:T:C,SCN1A,1,1,0.5564252734184265,0.45769229531288147,false_negative,num__AN,-0.5394386053085327,num__lof_z,-0.5113873481750488,num__pfam_domain,0.35386770963668823
17:80368025:G:A,RNF213,1,1,0.223812997341156,0.18201439082622528,false_negative,num__phyloP100way_vertebrate,-0.5223447680473328,num__lof_z,-0.43989458680152893,num__pLI,-0.4372110962867737
X:129569364:G:A,OCRL,1,1,0.6184523701667786,0.45769229531288147,false_negative,num__phyloP100way_vertebrate,1.2211434841156006,num__lof_z,-0.5626606345176697,num__AN,-0.5358989238739014
16:2074394:G:C,TSC2,2,1,0.5155584216117859,0.4065040647983551,false_negative,num__phyloP100way_vertebrate,1.046934723854065,num__lof_z,-0.6043069362640381,num__AN,-0.46481361985206604
5:177280757:C:T,NSD1,1,1,0.5875251293182373,0.45769229531288147,false_negative,num__lof_z,-0.6704511642456055,num__AN,-0.544826865196228,num__pfam_domain,0.3413216769695282
13:48360067:C:G,RB1,1,1,0.12286607921123505,0.0777009055018425,false_negative,num__phyloP100way_vertebrate,-0.8050112724304199,num__pfam_domain,0.6037994623184204,num__lof_z,-0.47971388697624207
7:44150017:T:A,GCK,3,1,0.6662132143974304,0.47554346919059753,false_negative,num__phyloP100way_vertebrate,-0.8361541628837585,num__pfam_domain,0.6329755187034607,num__AN,-0.42301875352859497
3:46709188:C:T,TMIE,1,1,0.44360506534576416,0.3163265287876129,false_negative,num__phyloP100way_vertebrate,-0.6307997107505798,num__AN,-0.48351022601127625,num__pfam_domain,0.32077768445014954
X:129560648:T:C,OCRL,1,1,0.6880103349685669,0.47554346919059753,false_negative,num__phyloP100way_vertebrate,0.8211745023727417,num__lof_z,-0.7314826250076294,num__AN,-0.6506711840629578
1:247425139:G:A,NLRP3,1,1,0.11051448434591293,0.0777009055018425,false_negative,num__phyloP100way_vertebrate,-0.9788536429405212,num__AN,-0.4185020923614502,num__phastCons100way_vertebrate,-0.3912835419178009
19:15192286:G:C,NOTCH3,1,1,0.1482127159833908,0.12958115339279175,false_negative,num__phyloP100way_vertebrate,-0.7718237042427063,num__lof_z,-0.5808203220367432,num__AN,-0.46921810507774353
2:166051841:G:C,SCN1A,1,1,0.6651672720909119,0.47554346919059753,false_negative,num__AN,-0.5986986756324768,num__lof_z,-0.552517831325531,num__pfam_domain,0.38056066632270813
6:5545248:G:T,FARS2,1,1,0.6243252754211426,0.45769229531288147,false_negative,num__phyloP100way_vertebrate,-0.766907274723053,num__AN,-0.5023364424705505,num__lof_z,0.3366476595401764
3:114339283:T:G,ZBTB20,1,1,0.2699032127857208,0.18201439082622528,false_negative,num__AN,-0.6213248372077942,num__pfam_domain,0.4873167872428894,cat__alt_aa_P,0.4253857433795929
2:144396547:C:A,ZEB2,2,1,0.6536850333213806,0.47554346919059753,false_negative,num__lof_z,-0.7384591102600098,num__AN,-0.6242277026176453,num__pfam_domain,0.2932600975036621
17:61392031:G:A,TANC2,1,1,0.45699456334114075,0.3163265287876129,false_negative,num__phyloP100way_vertebrate,1.120714545249939,num__lof_z,-0.590078592300415,num__AN,-0.5017805099487305
19:54936384:G:A,NLRP7,1,1,0.027615176513791084,0.01279405690729618,false_negative,num__phyloP100way_vertebrate,-0.9637482762336731,num__phastCons30way_mammalian,-0.3594955801963806,num__AN,-0.31737780570983887
18:55279551:C:T,TCF4,1,1,0.6601347923278809,0.47554346919059753,false_negative,num__AN,-0.6280167698860168,num__phyloP100way_vertebrate,0.6239320635795593,num__lof_z,-0.5883143544197083
8:142912817:A:T,CYP11B2,1,1,0.43430957198143005,0.278801828622818,false_negative,num__phyloP100way_vertebrate,-0.7553421258926392,num__AN,-0.47117945551872253,num__phastCons100way_vertebrate,-0.44152411818504333
5:1279316:G:C,TERT,1,1,0.1293102353811264,0.0777009055018425,false_negative,num__phyloP100way_vertebrate,-1.0457192659378052,num__phastCons100way_vertebrate,-0.5080764293670654,num__pfam_domain,0.47561413049697876
14:105167869:G:A,INF2,1,1,0.35609808564186096,0.19557195901870728,false_negative,num__phyloP100way_vertebrate,-0.7225039601325989,num__lof_z,-0.5128518342971802,num__AN,-0.39542144536972046
11:103116583:T:C,DYNC2H1,1,1,0.1935635358095169,0.1538461595773697,false_negative,num__pLI,-0.9123324751853943,num__phyloP100way_vertebrate,0.7271214723587036,num__lof_z,-0.6190837621688843
16:2088144:G:A,TSC2,1,1,0.49935388565063477,0.4065040647983551,false_negative,num__phyloP100way_vertebrate,1.085555911064148,num__lof_z,-0.5687333941459656,num__AN,-0.47023534774780273
7:44145603:A:T,GCK,3,1,0.16159187257289886,0.12958115339279175,false_negative,num__phyloP100way_vertebrate,-0.9028029441833496,num__pfam_domain,0.4359408915042877,num__AN,-0.40627890825271606
16:2060813:G:C,TSC2,1,1,0.14520679414272308,0.08949416130781174,false_negative,num__lof_z,-0.771213948726654,num__AN,-0.44546908140182495,num__oe_mis_upper,-0.41457638144493103
8:142875284:G:C,CYP11B1,1,1,0.026377296075224876,0.01279405690729618,false_negative,num__phyloP100way_vertebrate,-0.9752975106239319,num__phastCons100way_vertebrate,-0.702931821346283,num__mis_z,-0.48631563782691956
8:142875283:C:A,CYP11B1,1,1,0.05922841280698776,0.02601625956594944,false_negative,num__phyloP100way_vertebrate,-0.8235411047935486,num__phastCons100way_vertebrate,-0.5768876075744629,num__mis_z,-0.4742725193500519
16:8811126:T:C,PMM2,2,1,0.6858246326446533,0.47554346919059753,false_negative,num__phyloP100way_vertebrate,0.9631812572479248,num__AN,-0.5081340670585632,num__lof_z,0.45241743326187134
14:75097172:G:A,NEK9,1,1,0.6795470714569092,0.47554346919059753,false_negative,num__AN,-0.7448389530181885,num__pfam_domain,0.38316813111305237,num__lof_z,0.32888203859329224
22:50218229:G:A,TUBGCP6,1,1,0.506695568561554,0.4065040647983551,false_negative,num__AN,-0.6758550405502319,num__phyloP100way_vertebrate,0.4041772484779358,num__lof_z,0.3976404070854187
2:44312754:G:T,SLC3A1,2,1,0.6328768730163574,0.45769229531288147,false_negative,num__lof_z,0.6536526679992676,num__AN,-0.6133423447608948,cat__alt_aa_P,0.3817690908908844
13:28018475:T:C,FLT3,1,1,0.5126211047172546,0.4065040647983551,false_negative,num__phyloP100way_vertebrate,-0.7472353577613831,num__lof_z,-0.6833374500274658,num__AN,-0.5048560500144958
21:31666484:T:C,SOD1,1,1,0.031557049602270126,0.01279405690729618,false_negative,num__phyloP100way_vertebrate,-1.0340673923492432,num__phastCons100way_vertebrate,-0.46556979417800903,num__pfam_domain,0.41138097643852234
18:44951942:G:A,SETBP1,2,1,0.18796351552009583,0.1444866955280304,false_negative,num__phyloP100way_vertebrate,1.1163500547409058,num__lof_z,-0.7518072724342346,num__oe_mis_upper,-0.46098199486732483
13:51944151:A:C,ATP7B,1,1,0.08890416473150253,0.0777009055018425,false_negative,num__phyloP100way_vertebrate,-0.88224858045578,num__pfam_domain,0.4473814368247986,num__phastCons100way_vertebrate,-0.3632122576236725
16:2232185:A:C,E4F1,1,1,0.23801147937774658,0.18201439082622528,false_negative,num__AN,-0.6448664665222168,cat__alt_aa_P,0.5073537826538086,num__pfam_domain,0.35404661297798157
15:28022516:G:C,OCA2,2,1,0.282711923122406,0.18201439082622528,false_negative,num__phyloP100way_vertebrate,-0.5617737174034119,num__AN,-0.5404338240623474,cat__alt_aa_P,0.5249081254005432
12:5969381:T:G,VWF,1,1,0.019209474325180054,0.006787330377846956,false_negative,num__phyloP100way_vertebrate,-1.0079903602600098,num__phastCons100way_vertebrate,-0.4460203945636749,cat__alt_aa_P,0.3648463487625122
3:114339379:T:C,ZBTB20,1,1,0.3081538677215576,0.18886679410934448,false_negative,num__AN,-0.5931752324104309,num__pfam_domain,0.4989030659198761,cat__alt_aa_P,0.39778196811676025
2:21006288:C:A,APOB,1,1,0.18577493727207184,0.1444866955280304,false_negative,num__lof_z,-0.798775851726532,num__mis_z,-0.468500554561615,num__AN,-0.4271876811981201
6:10874645:G:T,GCM2,1,1,0.1439003348350525,0.08949416130781174,false_negative,num__phyloP100way_vertebrate,-0.8894054293632507,num__AN,-0.38667458295822144,num__pfam_domain,0.36578232049942017
21:36765159:A:T,HLCS,1,1,0.2786194384098053,0.18201439082622528,false_negative,num__phyloP100way_vertebrate,-0.8750922083854675,num__pfam_domain,0.49178558588027954,num__Grantham_distance,0.3356104791164398
17:50167430:C:T,SGCA,3,1,0.5145531892776489,0.4065040647983551,false_negative,num__phyloP100way_vertebrate,-0.7434365749359131,num__AN,-0.5052981972694397,num__lof_z,0.3852499723434448
17:42911244:T:C,G6PC1,1,1,0.6737157106399536,0.47554346919059753,false_negative,num__AN,-0.7451267838478088,cat__alt_aa_P,0.4120212197303772,num__pfam_domain,0.39842644333839417
19:15192256:C:A,NOTCH3,1,1,0.6631179451942444,0.47554346919059753,false_negative,num__AN,-0.5928412079811096,num__lof_z,-0.49865463376045227,num__phyloP100way_vertebrate,0.3180156350135803
17:3589858:G:C,TRPV1,1,1,0.6469764709472656,0.4754098355770111,false_negative,num__phyloP100way_vertebrate,-0.6836905479431152,num__AN,-0.5734575390815735,num__lof_z,0.3616439402103424
17:47287209:A:C,ITGB3,3,1,0.605384111404419,0.45769229531288147,false_negative,num__phyloP100way_vertebrate,-0.791071891784668,cat__alt_aa_P,0.5074530839920044,num__AN,-0.4592529535293579
5:36116570:G:C,LMBRD2,1,1,0.3340975046157837,0.19557195901870728,false_negative,num__phyloP100way_vertebrate,-0.6804410219192505,num__AN,-0.5439579486846924,num__pfam_domain,0.4229966700077057
16:2076163:T:C,TSC2,1,1,0.43134668469429016,0.278801828622818,false_negative,num__phyloP100way_vertebrate,0.9740972518920898,num__lof_z,-0.6888712644577026,num__AN,-0.5878508687019348
2:98397151:C:T,CNGA3,1,1,0.5466452836990356,0.4065040647983551,false_negative,num__phyloP100way_vertebrate,-0.7644017934799194,num__AN,-0.5680662989616394,num__lof_z,0.31604427099227905
2:98391964:C:T,CNGA3,2,1,0.3558860421180725,0.19557195901870728,false_negative,num__phyloP100way_vertebrate,-0.8351629972457886,num__AN,-0.364610880613327,num__pfam_domain,0.31126195192337036
16:2057173:G:T,TSC2,1,1,0.16675226390361786,0.12958115339279175,false_negative,num__lof_z,-0.7379381060600281,num__phyloP100way_vertebrate,-0.6429135799407959,num__oe_mis_upper,-0.399669885635376
1:197427484:A:T,CRB1,1,1,0.12215442210435867,0.0777009055018425,false_negative,num__phyloP100way_vertebrate,-0.7489389777183533,num__AN,-0.5375215411186218,num__mis_z,-0.4575698971748352
18:55234548:C:A,TCF4,3,1,0.6582928895950317,0.47554346919059753,false_negative,num__AN,-0.7956402897834778,num__lof_z,-0.6163832545280457,num__pfam_domain,0.32933589816093445
22:25225036:C:T,CRYBB2,1,1,0.6467810273170471,0.4754098355770111,false_negative,num__AN,-0.7018427848815918,num__phyloP100way_vertebrate,-0.38873544335365295,num__lof_z,0.37366580963134766
12:6022841:T:C,VWF,3,1,0.3161929249763489,0.18886679410934448,false_negative,num__lof_z,-0.6540983319282532,num__AN,-0.5330087542533875,num__phyloP100way_vertebrate,-0.448929101228714
16:2062006:C:T,TSC2,1,1,0.14697714149951935,0.12958115339279175,false_negative,num__lof_z,-0.8388532400131226,num__AN,-0.5158795714378357,num__phyloP100way_vertebrate,0.5123811960220337
2:166037923:G:T,SCN1A,1,1,0.659462034702301,0.47554346919059753,false_negative,num__phyloP100way_vertebrate,1.0125682353973389,num__AN,-0.5089399814605713,num__lof_z,-0.4720810055732727
2:166073379:G:T,SCN1A,1,1,0.4584566056728363,0.3163265287876129,false_negative,num__phyloP100way_vertebrate,-0.6997255086898804,num__pfam_domain,0.47627219557762146,num__lof_z,-0.42447447776794434
4:78445602:T:C,FRAS1,1,1,0.2643679678440094,0.18201439082622528,false_negative,num__pLI,-0.5743844509124756,num__AN,-0.5583997964859009,cat__alt_aa_P,0.36625173687934875
5:177282482:G:C,NSD1,1,1,0.4249621331691742,0.278801828622818,false_negative,num__phyloP100way_vertebrate,-0.8413007259368896,num__pfam_domain,0.6413605809211731,num__lof_z,-0.4482077658176422
4:6288991:G:A,WFS1,1,1,0.41621264815330505,0.278801828622818,false_negative,num__mis_z,-0.5250890851020813,num__AN,-0.5235435962677002,num__lof_z,0.5186856985092163
19:35282579:T:C,HAMP,1,1,0.671974241733551,0.47554346919059753,false_negative,num__AN,-0.5569117665290833,num__phyloP100way_vertebrate,-0.48184794187545776,cat__alt_aa_P,0.4534381628036499
12:6016197:A:C,VWF,3,1,0.3209179937839508,0.18886679410934448,false_negative,num__AN,-0.702254056930542,num__lof_z,-0.5141845941543579,cat__alt_aa_P,0.304242342710495
1:181580652:G:A,CACNA1E,1,1,0.42447829246520996,0.278801828622818,false_negative,num__phyloP100way_vertebrate,-0.7960756421089172,num__lof_z,-0.5620498061180115,num__AN,-0.46983903646469116
8:142913286:G:C,CYP11B2,1,1,0.5443103313446045,0.4065040647983551,false_negative,num__phyloP100way_vertebrate,-0.7657105326652527,num__AN,-0.4079340398311615,num__lof_z,0.3418222665786743
17:8231427:G:A,CTC1,2,1,0.3415064513683319,0.19557195901870728,false_negative,num__phyloP100way_vertebrate,-0.6009601950645447,num__AN,-0.5114675760269165,num__oe_mis_upper,-0.29581111669540405
11:103468635:T:G,DYNC2H1,1,1,0.2563874125480652,0.18201439082622528,false_negative,num__pLI,-0.8695310950279236,num__lof_z,-0.6210646033287048,num__AN,-0.5080230236053467
1:197421428:A:G,CRB1,1,1,0.047169238328933716,0.023458445444703102,false_negative,num__phyloP100way_vertebrate,-0.7704651951789856,num__mis_z,-0.5402839183807373,cat__alt_aa_P,0.45899567008018494
1:197421671:G:A,CRB1,1,1,0.36231303215026855,0.23999999463558197,false_negative,num__AN,-0.7040965557098389,cat__alt_aa_P,0.49689579010009766,num__mis_z,-0.38386258482933044
X:153866826:C:T,L1CAM,2,1,0.19817492365837097,0.18201439082622528,false_negative,num__lof_z,-0.8094045519828796,num__AN,-0.4849652647972107,cat__alt_aa_P,0.36918753385543823
6:10874701:G:A,GCM2,1,1,0.5281774401664734,0.4065040647983551,false_negative,num__AN,-0.8632737398147583,num__lof_z,0.43998974561691284,num__phyloP100way_vertebrate,-0.3012251555919647
2:165992349:C:A,SCN1A,1,1,0.620979905128479,0.45769229531288147,false_negative,num__phyloP100way_vertebrate,-0.711929202079773,num__lof_z,-0.46007096767425537,num__pfam_domain,0.4256366789340973
1:247425232:A:G,NLRP3,1,1,0.13488911092281342,0.08181818574666977,false_negative,num__phyloP100way_vertebrate,-0.7693561315536499,cat__alt_aa_P,0.475577712059021,num__AN,-0.37848997116088867
2:166009822:G:C,SCN1A,2,1,0.5128398537635803,0.4065040647983551,false_negative,num__lof_z,-0.6104219555854797,num__AN,-0.5502710342407227,num__pfam_domain,0.3887098431587219
5:177293854:T:G,NSD1,1,1,0.33792737126350403,0.19557195901870728,false_negative,num__phyloP100way_vertebrate,-0.8063483238220215,num__pfam_domain,0.5675699710845947,num__lof_z,-0.5155261158943176
2:72887433:A:G,SPR,1,1,0.022849438712000847,0.009353741072118282,false_negative,num__phyloP100way_vertebrate,-1.0885226726531982,num__phastCons100way_vertebrate,-0.528377890586853,num__phastCons30way_mammalian,-0.3858950138092041
22:50625393:G:C,ARSA,1,1,0.6768475770950317,0.47554346919059753,false_negative,num__phyloP100way_vertebrate,0.7084639668464661,num__AN,-0.684939980506897,num__lof_z,0.5375756025314331
1:197435168:T:G,CRB1,1,1,0.5410610437393188,0.4065040647983551,false_negative,num__phyloP100way_vertebrate,0.9166005849838257,num__AN,-0.6541770100593567,num__mis_z,-0.44163474440574646
11:67456192:G:A,CABP4,1,1,0.5748763084411621,0.45769229531288147,false_negative,num__AN,-0.6844000220298767,num__lof_z,0.4220266342163086,cat__alt_aa_P,0.39918920397758484
2:232333839:G:C,DIS3L2,1,1,0.6785562634468079,0.47554346919059753,false_negative,num__phyloP100way_vertebrate,0.9406431317329407,num__AN,-0.5763121247291565,cat__alt_aa_P,0.3678971529006958
1:197477800:C:T,CRB1,2,1,0.5060876607894897,0.4065040647983551,false_negative,num__phyloP100way_vertebrate,1.0102640390396118,num__AN,-0.5941601395606995,num__mis_z,-0.4246882200241089
2:166043742:G:A,SCN1A,1,1,0.4418487548828125,0.3163265287876129,false_negative,num__AN,-0.6449360251426697,num__lof_z,-0.5541044473648071,num__phyloP100way_vertebrate,-0.43140658736228943
X:154442595:C:T,GDI1,1,1,0.6233201026916504,0.45769229531288147,false_negative,num__phyloP100way_vertebrate,-0.5307250618934631,num__AN,-0.5189108848571777,num__pfam_domain,0.5105843544006348
4:1002092:C:G,IDUA,2,1,0.5395460724830627,0.4065040647983551,false_negative,num__phyloP100way_vertebrate,-0.8738724589347839,num__AN,-0.4044802188873291,num__lof_z,0.4000183641910553
8:42856341:G:A,RNF170,2,1,0.5657229423522949,0.45769229531288147,false_negative,num__AN,-0.789438784122467,num__pfam_domain,0.44720518589019775,num__lof_z,0.30470210313796997
15:89330276:C:T,POLG,1,1,0.30071309208869934,0.18886679410934448,false_negative,num__phyloP100way_vertebrate,1.1416568756103516,num__BLOSUM62_score,-1.0338479280471802,num__AN,-0.5154569149017334
9:37428495:C:T,GRHPR,1,1,0.05480407550930977,0.02601625956594944,false_negative,num__phyloP100way_vertebrate,-0.5855538845062256,num__AN,-0.4270942211151123,num__AF_popmax,-0.40353962779045105
X:7334090:G:A,STS,1,1,0.6493903994560242,0.4754098355770111,false_negative,num__AN,-0.7003057599067688,cat__alt_aa_P,0.37939193844795227,num__pfam_domain,0.34653303027153015
1:11801196:T:G,MTHFR,1,1,0.20589806139469147,0.18201439082622528,false_negative,num__phyloP100way_vertebrate,-1.0315872430801392,num__pfam_domain,0.4064156413078308,cat__alt_aa_P,0.3866356611251831
3:73602452:C:T,PDZRN3,1,1,0.5247687697410583,0.4065040647983551,false_negative,num__AN,-0.7034303545951843,cat__alt_aa_P,0.4141739010810852,num__phyloP100way_vertebrate,0.3722468912601471
19:15189106:G:A,NOTCH3,2,1,0.36437538266181946,0.23999999463558197,false_negative,num__lof_z,-0.5301984548568726,num__AN,-0.46572354435920715,num__phyloP100way_vertebrate,-0.31516149640083313
15:89330242:G:A,POLG,1,1,0.49451252818107605,0.39024388790130615,false_negative,num__AN,-0.7002661228179932,cat__alt_aa_P,0.4081328809261322,num__phyloP30way_mammalian,0.30496227741241455
10:98434028:C:T,HPS1,1,1,0.034952446818351746,0.01279405690729618,false_negative,num__phyloP100way_vertebrate,-1.016284704208374,cat__alt_aa_P,0.33660292625427246,num__phastCons100way_vertebrate,-0.3306710720062256
1:247424234:T:G,NLRP3,1,1,0.6154254078865051,0.45769229531288147,false_negative,num__phyloP100way_vertebrate,-0.7138944268226624,num__AN,-0.6590608954429626,num__phastCons100way_vertebrate,0.266059011220932
19:15180966:A:C,NOTCH3,2,1,0.6109293699264526,0.45769229531288147,false_negative,num__AN,-0.6545481085777283,num__lof_z,-0.5497377514839172,num__phyloP100way_vertebrate,0.3754393458366394
5:75596885:T:A,POLK,1,1,0.03196859359741211,0.01279405690729618,false_negative,num__phyloP100way_vertebrate,-1.040148377418518,num__phastCons100way_vertebrate,-0.5937535762786865,num__phastCons30way_mammalian,-0.38314706087112427
4:1918170:G:T,NSD2,1,1,0.4127848148345947,0.278801828622818,false_negative,num__phyloP100way_vertebrate,-0.8454350233078003,num__pfam_domain,0.46838879585266113,num__AN,-0.43274882435798645
3:53776610:A:G,CACNA1D,1,1,0.4682765007019043,0.3163265287876129,false_negative,num__phyloP100way_vertebrate,1.17429780960083,num__AN,-0.5613884329795837,num__lof_z,-0.4940492808818817
3:114339327:T:C,ZBTB20,1,1,0.23697778582572937,0.18201439082622528,false_negative,num__AN,-0.609024703502655,num__pfam_domain,0.5115262269973755,cat__alt_aa_P,0.4329198896884918
1:247425434:T:C,NLRP3,1,1,0.5851480960845947,0.45769229531288147,false_negative,num__phyloP100way_vertebrate,-0.8132615089416504,num__AN,-0.4628792703151703,cat__alt_aa_P,0.38428497314453125
11:103188632:C:T,DYNC2H1,1,1,0.16201604902744293,0.12958115339279175,false_negative,num__pLI,-0.8455215096473694,num__phyloP100way_vertebrate,0.8009638786315918,num__lof_z,-0.580977201461792
4:139301823:C:G,NAA15,1,1,0.654464066028595,0.47554346919059753,false_negative,num__phyloP100way_vertebrate,-0.7558577060699463,num__lof_z,-0.5386041402816772,num__AN,-0.5207192301750183
5:75596434:G:A,POLK,1,1,0.1423884779214859,0.08949416130781174,false_negative,num__phyloP100way_vertebrate,-0.7071027159690857,num__AN,-0.524787425994873,cat__alt_aa_P,0.4272722899913788
8:142876337:G:T,CYP11B1,1,1,0.028656592592597008,0.01279405690729618,false_negative,num__phyloP100way_vertebrate,-0.9712114334106445,num__mis_z,-0.44843146204948425,num__phastCons30way_mammalian,-0.41081157326698303
4:67753832:A:T,GNRHR,2,1,0.13750284910202026,0.08949416130781174,false_negative,num__phyloP100way_vertebrate,-0.9738143086433411,num__pfam_domain,0.4945087730884552,num__phastCons100way_vertebrate,-0.4758811891078949
6:165418733:G:C,PDE10A,1,1,0.5134462714195251,0.4065040647983551,false_negative,num__phyloP100way_vertebrate,0.6257736682891846,num__AN,-0.6127276420593262,num__lof_z,-0.5329610705375671
19:15178003:G:A,NOTCH3,1,1,0.20877337455749512,0.18201439082622528,false_negative,num__phyloP100way_vertebrate,-0.6198462247848511,num__lof_z,-0.5240321755409241,num__AN,-0.4039539396762848
2:166041234:G:C,SCN1A,1,1,0.6301223039627075,0.45769229531288147,false_negative,num__phyloP100way_vertebrate,-0.7752673029899597,num__lof_z,-0.4059280455112457,num__AN,-0.38015997409820557
15:43260486:C:T,TGM5,2,1,0.6411755084991455,0.45769229531288147,false_negative,num__lof_z,0.5868238210678101,num__AN,-0.49456948041915894,cat__alt_aa_P,0.4480326175689697
2:166002750:C:T,SCN1A,1,1,0.5259630680084229,0.4065040647983551,false_negative,num__phyloP100way_vertebrate,1.0842896699905396,num__BLOSUM62_score,-1.0611227750778198,num__AN,-0.562841534614563
19:15192038:A:C,NOTCH3,1,1,0.4276362359523773,0.278801828622818,false_negative,num__AN,-0.626292884349823,num__lof_z,-0.5660786032676697,num__pfam_domain,0.28309527039527893
5:33947293:C:T,SLC45A2,1,1,0.5519030690193176,0.42105263471603394,false_negative,num__AN,-0.6268911957740784,num__mis_z,-0.5535469651222229,num__lof_z,0.4247976541519165
17:50167431:G:A,SGCA,3,1,0.2700722813606262,0.18201439082622528,false_negative,num__phyloP100way_vertebrate,-0.862683117389679,num__AN,-0.45962709188461304,cat__alt_aa_P,0.4534766972064972
10:70599048:G:A,PRF1,2,1,0.05424792692065239,0.02601625956594944,false_negative,num__phyloP100way_vertebrate,-0.9850593209266663,cat__alt_aa_P,0.3665315806865692,num__pfam_domain,0.34180963039398193
2:166036507:C:G,SCN1A,1,1,0.46423596143722534,0.3163265287876129,false_negative,num__phyloP100way_vertebrate,-0.7207623720169067,num__lof_z,-0.4206876754760742,num__pfam_domain,0.3838024437427521
19:15191749:C:A,NOTCH3,2,1,0.38071638345718384,0.25,false_negative,num__phyloP100way_vertebrate,-0.6322839260101318,num__lof_z,-0.5795348286628723,num__AN,-0.4815791845321655
2:166037782:G:T,SCN1A,1,1,0.6699484586715698,0.47554346919059753,false_negative,num__phyloP100way_vertebrate,-0.6448922753334045,num__AN,-0.5158876776695251,num__lof_z,-0.5141576528549194
4:109760606:A:T,CFI,1,1,0.6550988554954529,0.47554346919059753,false_negative,num__AN,-0.694065272808075,num__phyloP100way_vertebrate,-0.6506839394569397,num__lof_z,0.29625755548477173
17:50168460:C:T,SGCA,1,1,0.4462070167064667,0.3163265287876129,false_negative,num__phyloP100way_vertebrate,-0.8392595052719116,num__AN,-0.48111918568611145,num__lof_z,0.33906200528144836
1:197477799:C:A,CRB1,1,1,0.3155371844768524,0.18886679410934448,false_negative,num__AN,-0.6672300100326538,num__mis_z,-0.4473108649253845,cat__alt_aa_P,0.43048420548439026
16:2087941:G:C,TSC2,1,1,0.6010755896568298,0.45769229531288147,false_negative,num__phyloP100way_vertebrate,1.1256954669952393,num__lof_z,-0.6065564751625061,num__AN,-0.5472440123558044
2:165992258:T:C,SCN1A,1,1,0.4783906042575836,0.32499998807907104,false_negative,num__BLOSUM62_score,-1.002408504486084,num__phyloP100way_vertebrate,0.9795454740524292,num__AN,-0.5855439901351929
16:2110943:G:T,TSC2,1,1,0.28279659152030945,0.18201439082622528,false_negative,num__phyloP100way_vertebrate,-0.7350676655769348,num__lof_z,-0.6438316106796265,num__pfam_domain,0.37074774503707886
2:166002511:A:T,SCN1A,1,1,0.41625288128852844,0.278801828622818,false_negative,num__lof_z,-0.5883607864379883,num__AN,-0.4655490517616272,num__phyloP100way_vertebrate,-0.4537665545940399
7:5712848:T:C,RNF216,1,1,0.4340534806251526,0.278801828622818,false_negative,num__phyloP100way_vertebrate,0.6897607445716858,num__AN,-0.5774353742599487,cat__alt_aa_P,0.3608817458152771
19:15197504:A:C,NOTCH3,1,1,0.3137062191963196,0.18886679410934448,false_negative,num__phyloP100way_vertebrate,-0.8081339597702026,num__AN,-0.5658052563667297,num__lof_z,-0.4900747239589691
7:158923722:C:T,DYNC2I1,1,1,0.6137383580207825,0.45769229531288147,false_negative,num__AN,-0.8560304641723633,cat__alt_aa_P,0.3851325809955597,num__pfam_domain,0.33696943521499634
9:34372454:C:T,MYORG,1,1,0.15504981577396393,0.12958115339279175,false_negative,num__AN,-0.9143851399421692,num__log_AF,-0.8508110642433167,cat__alt_aa_P,0.34017646312713623
7:44153402:C:G,GCK,2,1,0.549956202507019,0.4065040647983551,false_negative,num__AN,-0.7927922010421753,num__log_AF,-0.5065600275993347,num__pfam_domain,0.4758553206920624
11:103253341:C:T,DYNC2H1,2,1,0.23227180540561676,0.18201439082622528,false_negative,num__phyloP100way_vertebrate,0.8761382699012756,num__pLI,-0.8052802681922913,num__lof_z,-0.5866236686706543
19:41879233:T:G,CD79A,1,1,0.457013338804245,0.3163265287876129,false_negative,num__phyloP100way_vertebrate,-0.9029421210289001,num__AN,-0.42657676339149475,num__pfam_domain,0.42234113812446594
19:15181079:C:G,NOTCH3,1,1,0.576646625995636,0.45769229531288147,false_negative,num__AN,-0.6625750064849854,num__lof_z,-0.5570836067199707,num__phyloP100way_vertebrate,0.31905803084373474
19:1398963:C:T,GAMT,3,1,0.14795933663845062,0.12958115339279175,false_negative,num__log_AF,-1.1734005212783813,num__AN,-1.0579891204833984,num__AF_popmax,-0.5249426960945129
2:166036527:G:C,SCN1A,1,1,0.27301111817359924,0.18201439082622528,false_negative,num__phyloP100way_vertebrate,-0.553858757019043,num__lof_z,-0.5295670628547668,num__AN,-0.486876517534256
8:38145313:G:A,STAR,2,1,0.23315948247909546,0.18201439082622528,false_negative,num__phyloP100way_vertebrate,-0.5191954970359802,cat__alt_aa_P,0.5023998022079468,num__AN,-0.4951327443122864
17:42901104:G:C,G6PC1,2,1,0.5317813158035278,0.4065040647983551,false_negative,num__AN,-0.582146406173706,num__phyloP100way_vertebrate,-0.5391740798950195,num__pfam_domain,0.37889841198921204
16:2053453:G:A,TSC2,2,1,0.19597822427749634,0.18201439082622528,false_negative,num__phyloP100way_vertebrate,1.1203298568725586,num__BLOSUM62_score,-0.8441486358642578,num__lof_z,-0.4977771043777466
16:2103340:C:G,TSC2,1,1,0.06823920458555222,0.04693486541509628,false_negative,num__phyloP100way_vertebrate,-0.5327321290969849,num__lof_z,-0.5142744779586792,cat__alt_aa_P,0.469591349363327
12:6019040:G:A,VWF,1,1,0.536747395992279,0.4065040647983551,false_negative,num__AN,-0.6573771238327026,num__lof_z,-0.5930312871932983,num__oe_mis_upper,-0.34057408571243286
12:53715207:G:A,AAAS,2,1,0.5828492641448975,0.45769229531288147,false_negative,num__AN,-0.8115414381027222,num__lof_z,0.5682273507118225,num__pfam_domain,0.25199276208877563
X:129569373:C:T,OCRL,2,1,0.43182286620140076,0.278801828622818,false_negative,num__lof_z,-0.7748735547065735,num__phyloP100way_vertebrate,0.7661643624305725,num__AN,-0.6215434074401855
4:655977:C:T,PDE6B,2,1,0.0690227597951889,0.04693486541509628,false_negative,num__log_AF,-0.870102047920227,num__AN,-0.5980819463729858,num__AF_popmax,-0.5573344230651855
X:153869928:G:A,L1CAM,1,1,0.4023768901824951,0.278801828622818,false_negative,num__phyloP100way_vertebrate,0.7986949682235718,num__lof_z,-0.7945272326469421,num__AN,-0.5834610462188721
11:103143305:T:C,DYNC2H1,1,1,0.20827192068099976,0.18201439082622528,false_negative,num__pLI,-0.9397211670875549,num__lof_z,-0.6248273849487305,num__AN,-0.5310983061790466
11:103165911:C:T,DYNC2H1,2,1,0.07115434855222702,0.04693486541509628,false_negative,num__pLI,-0.9175280928611755,num__phyloP100way_vertebrate,0.668838381767273,num__lof_z,-0.5958523750305176
X:154765473:C:G,DKC1,2,1,0.509756326675415,0.4065040647983551,false_negative,num__phyloP100way_vertebrate,-0.6056326031684875,num__AN,-0.4872000813484192,num__pfam_domain,0.4163544774055481
8:142879146:G:A,CYP11B1,2,1,0.4658642113208771,0.3163265287876129,false_negative,num__AN,-0.5082890391349792,num__lof_z,0.4662680923938751,num__phyloP100way_vertebrate,-0.4438384473323822
1:247425241:A:T,NLRP3,1,1,0.22761201858520508,0.18201439082622528,false_negative,num__phyloP100way_vertebrate,-0.9579035043716431,num__phastCons100way_vertebrate,-0.46032440662384033,num__AN,-0.36928707361221313
11:103135719:G:A,DYNC2H1,1,1,0.11796426773071289,0.0777009055018425,false_negative,num__phyloP100way_vertebrate,1.0338478088378906,num__pLI,-0.8751052618026733,num__lof_z,-0.4471374452114105
X:153872337:T:G,L1CAM,1,1,0.34382808208465576,0.19557195901870728,false_negative,num__lof_z,-0.7058693170547485,num__AN,-0.525063157081604,num__pfam_domain,0.2955845594406128
17:7221966:G:A,ACADVL,3,1,0.6566664576530457,0.47554346919059753,false_negative,num__AN,-0.7855764627456665,num__lof_z,0.48028111457824707,cat__alt_aa_P,0.4338585138320923
2:73453920:G:T,ALMS1,1,1,0.010866192169487476,0.0031908105593174696,false_negative,num__phyloP100way_vertebrate,-0.8361638188362122,num__pLI,-0.5115107893943787,num__mis_z,-0.4090327322483063
12:53314833:G:A,AAAS,1,1,0.3651748597621918,0.23999999463558197,false_negative,num__phyloP100way_vertebrate,-0.7264561653137207,num__AN,-0.5440178513526917,num__lof_z,0.3728894293308258
13:51958371:G:C,ATP7B,1,1,0.34470701217651367,0.19557195901870728,false_negative,num__phyloP100way_vertebrate,-0.6416631937026978,num__AN,-0.4255144000053406,num__phastCons100way_vertebrate,0.34970545768737793
8:142876241:C:A,CYP11B1,1,1,0.13905715942382812,0.08949416130781174,false_negative,num__phyloP100way_vertebrate,-0.8426013588905334,num__AN,-0.4737173616886139,num__lof_z,0.3594425618648529
19:607971:C:T,HCN2,1,1,0.28781744837760925,0.18886679410934448,false_negative,num__AN,-0.9061742424964905,num__phyloP100way_vertebrate,0.58185213804245,num__log_AF,-0.5472508072853088
19:35651301:C:T,COX6B1,1,1,0.6118937730789185,0.45769229531288147,false_negative,num__phyloP100way_vertebrate,-0.7179062962532043,num__AN,-0.5631173849105835,num__lof_z,0.4319174289703369
16:173544:T:C,HBA2,1,1,0.04149496555328369,0.023458445444703102,false_negative,num__phyloP100way_vertebrate,-1.1268188953399658,num__phastCons100way_vertebrate,-0.4684546887874603,num__phastCons30way_mammalian,-0.36327219009399414
19:15178050:C:A,NOTCH3,1,1,0.5238041877746582,0.4065040647983551,false_negative,num__AN,-0.5440008640289307,num__lof_z,-0.527364194393158,num__pfam_domain,0.23937299847602844
11:103117853:G:T,DYNC2H1,1,1,0.23722897469997406,0.18201439082622528,false_negative,num__pLI,-0.8991333246231079,num__phyloP100way_vertebrate,0.79558926820755,num__lof_z,-0.6171407699584961
4:1002387:C:T,IDUA,3,1,0.551304817199707,0.40716353058815,false_negative,num__AN,-0.6570820212364197,num__lof_z,0.48609599471092224,cat__alt_aa_P,0.451569527387619
16:2086801:A:G,TSC2,2,1,0.5333055257797241,0.4065040647983551,false_negative,num__phyloP100way_vertebrate,1.0127474069595337,num__lof_z,-0.6403769850730896,num__AN,-0.5385200381278992
19:53889732:A:G,PRKCG,2,1,0.5809574723243713,0.45769229531288147,false_negative,num__phyloP100way_vertebrate,0.6952013969421387,num__AN,-0.507386326789856,cat__alt_aa_P,0.3650301396846771
12:6034736:G:T,VWF,3,1,0.1265323907136917,0.0777009055018425,false_negative,num__phyloP100way_vertebrate,-0.8347865343093872,num__pfam_domain,0.44667908549308777,num__lof_z,-0.37464484572410583
19:853290:G:A,ELANE,1,1,0.5945892333984375,0.45769229531288147,false_negative,num__phyloP100way_vertebrate,-0.684197723865509,num__AN,-0.6519297957420349,num__lof_z,0.35323068499565125
2:165992051:C:T,SCN1A,1,1,0.21032020449638367,0.18201439082622528,false_negative,num__phyloP100way_vertebrate,-0.5831877589225769,num__lof_z,-0.5736265778541565,num__AN,-0.40953776240348816
1:197421956:G:C,CRB1,1,1,0.6331738829612732,0.45769229531288147,false_negative,num__phyloP100way_vertebrate,1.0456066131591797,num__AN,-0.6190894246101379,num__mis_z,-0.4701828062534332
20:25284200:G:A,ABHD12,1,1,0.27400052547454834,0.18201439082622528,false_negative,num__AN,-0.9595375061035156,num__phyloP100way_vertebrate,0.6496654152870178,num__log_AF,-0.5716893672943115
8:142876741:C:T,CYP11B1,2,1,0.0868656188249588,0.0777009055018425,false_negative,num__phyloP100way_vertebrate,-0.9333925247192383,num__phastCons100way_vertebrate,-0.6045369505882263,num__mis_z,-0.4406794607639313
4:1003099:G:C,IDUA,1,1,0.16511191427707672,0.12958115339279175,false_negative,num__phyloP100way_vertebrate,-1.0576720237731934,num__phastCons100way_vertebrate,-0.591191828250885,num__phastCons30way_mammalian,-0.40629369020462036
16:8813016:T:G,PMM2,1,1,0.30443862080574036,0.18886679410934448,false_negative,num__phyloP100way_vertebrate,-0.8387237787246704,num__lof_z,0.40997788310050964,num__AN,-0.4034888446331024
20:63688138:G:A,RTEL1,1,1,0.36584657430648804,0.23999999463558197,false_negative,num__AN,-0.5561209917068481,cat__alt_aa_P,0.452982097864151,num__phyloP30way_mammalian,0.32449257373809814
22:42214575:G:A,TCF20,1,1,0.20974566042423248,0.18201439082622528,false_negative,num__lof_z,-0.774316132068634,num__AN,-0.5968762040138245,num__oe_mis_upper,-0.43635791540145874
13:48380191:A:G,RB1,1,1,0.6809210777282715,0.47554346919059753,false_negative,num__phyloP100way_vertebrate,1.0074992179870605,num__lof_z,-0.6110451817512512,num__AN,-0.5584866404533386
5:1255326:C:T,TERT,1,1,0.18608051538467407,0.1444866955280304,false_negative,num__AN,-0.50749671459198,num__phyloP100way_vertebrate,-0.45033106207847595,num__pfam_domain,0.4284999966621399
5:43613069:C:T,NNT,1,1,0.5156059265136719,0.4065040647983551,false_negative,num__AN,-0.5311200618743896,num__phyloP100way_vertebrate,-0.48062610626220703,cat__alt_aa_P,0.4528137743473053
8:142914273:G:C,CYP11B2,1,1,0.0891595110297203,0.0777009055018425,false_negative,num__phyloP100way_vertebrate,-0.9341903924942017,num__phastCons100way_vertebrate,-0.5379674434661865,num__phastCons30way_mammalian,-0.4416024386882782
17:60679460:G:A,TLK2,1,1,0.5097830295562744,0.4065040647983551,false_negative,num__phyloP100way_vertebrate,-0.7116732001304626,num__lof_z,-0.6020686030387878,num__AN,-0.4180339574813843
1:247424667:G:A,NLRP3,1,1,0.6513912677764893,0.4754098355770111,false_negative,num__AN,-0.6679477691650391,cat__alt_aa_P,0.3178449869155884,num__pfam_domain,0.20733478665351868
X:153870403:C:A,L1CAM,1,1,0.44775331020355225,0.3163265287876129,false_negative,num__phyloP100way_vertebrate,-0.6715595126152039,num__lof_z,-0.6689705848693848,num__AN,-0.4962838888168335
2:232015670:A:G,DIS3L2,1,1,0.5603330135345459,0.45769229531288147,false_negative,num__AN,-0.6257747411727905,cat__alt_aa_P,0.4185806214809418,num__lof_z,-0.36493414640426636
15:90784922:T:A,BLM,1,1,0.46555301547050476,0.3163265287876129,false_negative,num__phyloP100way_vertebrate,-0.6084091067314148,num__AN,-0.5211238861083984,num__pfam_domain,0.3561350703239441
16:8847753:C:G,PMM2,1,1,0.552040159702301,0.42105263471603394,false_negative,num__phyloP100way_vertebrate,-0.7132405042648315,num__lof_z,0.5457591414451599,num__pfam_domain,0.46591717004776
18:55234565:G:C,TCF4,1,1,0.35377782583236694,0.19557195901870728,false_negative,num__AN,-0.7518711090087891,num__lof_z,-0.6770840883255005,num__phyloP100way_vertebrate,-0.4395342171192169
8:142876299:A:T,CYP11B1,1,1,0.3889431655406952,0.2750000059604645,false_negative,num__AN,-0.511470377445221,num__lof_z,0.3838140070438385,num__mis_z,-0.37955164909362793
4:660613:G:C,PDE6B,1,1,0.6213112473487854,0.45769229531288147,false_negative,num__AN,-0.5127353072166443,num__mis_z,-0.38098567724227905,num__lof_z,0.35434287786483765
17:62573333:C:T,TLK2,1,1,0.6455805897712708,0.45769229531288147,false_negative,num__phyloP100way_vertebrate,-0.7020390629768372,num__lof_z,-0.49486735463142395,num__AN,-0.4718307554721832
10:98429836:C:T,HPS1,1,1,0.18858203291893005,0.1444866955280304,false_negative,num__phyloP100way_vertebrate,-0.9638699293136597,num__AN,-0.36869701743125916,num__pfam_domain,0.2970459461212158
19:7120678:G:A,INSR,1,1,0.6207447648048401,0.45769229531288147,false_negative,num__phyloP100way_vertebrate,-0.8351266384124756,num__pfam_domain,0.38397085666656494,num__AN,-0.334207147359848
11:66872072:G:A,PC,1,0,0.7195131182670593,0.5333333611488342,false_positive,num__phyloP100way_vertebrate,-0.6225181818008423,num__AN,-0.5949282646179199,num__phastCons100way_vertebrate,0.2978959381580353
5:90781536:G:A,ADGRV1,1,0,0.8193795084953308,0.6247818470001221,false_positive,num__phyloP100way_vertebrate,1.0718629360198975,num__AN,-0.6518885493278503,cat__alt_aa_P,0.3492358326911926
11:59212249:G:A,MPEG1,1,0,0.7542272210121155,0.5772727131843567,false_positive,num__AN,-0.7432135343551636,num__lof_z,0.5356770157814026,cat__alt_aa_P,0.34627097845077515
5:90690002:G:A,ADGRV1,1,0,0.9101862907409668,0.8314350843429565,false_positive,num__phyloP100way_vertebrate,1.1800795793533325,num__AN,-0.6963803768157959,cat__alt_aa_P,0.24207763373851776
X:15252260:T:C,ASB9,1,0,0.9357857704162598,0.8823529481887817,false_positive,num__AN,-0.9676464796066284,num__lof_z,0.4275221526622772,num__pfam_domain,0.3530959486961365
1:181772202:G:A,CACNA1E,1,0,0.6977910399436951,0.5277777910232544,false_positive,num__phyloP100way_vertebrate,1.3755062818527222,num__BLOSUM62_score,-0.9274959564208984,num__AN,-0.5266766548156738
19:15264595:G:A,BRD4,1,0,0.7638641595840454,0.5772727131843567,false_positive,num__phyloP100way_vertebrate,1.1339054107666016,num__lof_z,-0.5312321186065674,num__AN,-0.4396226108074188
11:72295503:G:C,CLPB,2,0,0.8254120349884033,0.6897959113121033,false_positive,num__phyloP100way_vertebrate,0.978782594203949,num__AN,-0.7208767533302307,cat__alt_aa_P,0.3343304991722107
11:67458437:G:A,CABP4,1,0,0.9557027220726013,0.8942436575889587,false_positive,num__phyloP100way_vertebrate,1.140086054801941,num__AN,-0.7914145588874817,num__lof_z,0.382278710603714
5:90622643:T:C,ADGRV1,1,0,0.7444341778755188,0.540669858455658,false_positive,num__phyloP100way_vertebrate,0.907715380191803,num__AN,-0.7025213837623596,cat__alt_aa_P,0.35264432430267334
10:68882090:G:A,STOX1,1,0,0.8120139837265015,0.6247818470001221,false_positive,num__phyloP100way_vertebrate,0.8096727728843689,num__AN,-0.5890249013900757,num__lof_z,0.5215606689453125
11:64207508:G:T,FERMT3,1,0,0.6983497142791748,0.5277777910232544,false_positive,num__phyloP100way_vertebrate,-0.6465663909912109,num__AN,-0.5445728302001953,cat__alt_aa_P,0.3062116801738739
X:133324275:G:A,GPC4,1,0,0.7458295822143555,0.5595238208770752,false_positive,num__phyloP100way_vertebrate,0.9979770183563232,num__AN,-0.6999642252922058,num__pfam_domain,0.3771466612815857
2:144399499:A:G,ZEB2,1,0,0.7407940030097961,0.540669858455658,false_positive,num__phyloP100way_vertebrate,1.134527325630188,num__lof_z,-0.6235781908035278,num__AN,-0.6233856678009033
12:111418257:G:A,SH2B3,1,0,0.898578941822052,0.8314350843429565,false_positive,num__phyloP100way_vertebrate,0.9654234647750854,num__AN,-0.7751022577285767,num__lof_z,0.4481954276561737
2:144399758:C:G,ZEB2,1,0,0.7989864945411682,0.6247818470001221,false_positive,num__phyloP100way_vertebrate,0.9916510581970215,num__lof_z,-0.6596178412437439,num__AN,-0.6094523668289185
13:113733002:G:A,GRK1,1,0,0.7732077240943909,0.5975610017776489,false_positive,num__AN,-0.7329725623130798,num__lof_z,0.4574510157108307,cat__alt_aa_P,0.4524831771850586
6:3154705:T:A,TUBB2A,1,0,0.9457749724388123,0.8942436575889587,false_positive,num__AN,-0.7952445149421692,num__oe_mis_upper,0.6098440885543823,num__pfam_domain,0.3806142807006836
12:6521023:T:G,NCAPD2,1,0,0.7136539220809937,0.5333333611488342,false_positive,num__AN,-0.7772457599639893,cat__alt_aa_P,0.37860849499702454,num__phyloP30way_mammalian,0.3251890540122986
19:11436464:A:G,PRKCSH,1,0,0.8364486694335938,0.6897959113121033,false_positive,num__phyloP100way_vertebrate,1.041699767112732,num__AN,-0.7117887735366821,num__lof_z,0.3999191224575043
2:166903492:A:G,XIRP2,2,0,0.7035555243492126,0.5277777910232544,false_positive,num__pLI,-0.7684035897254944,cat__alt_aa_P,0.4236016869544983,num__AN,-0.4184167683124542
11:69006087:T:C,MRGPRF,1,0,0.7795873880386353,0.5975610017776489,false_positive,num__phyloP100way_vertebrate,-0.77247154712677,num__AN,-0.49356019496917725,num__pfam_domain,0.3515736758708954
16:70156667:C:T,PDPR,1,0,0.777853786945343,0.5975610017776489,false_positive,num__AN,-0.8221112489700317,num__phyloP100way_vertebrate,-0.30711519718170166,num__pfam_domain,0.3012621998786926
9:136518651:C:T,NOTCH1,1,0,0.8530195355415344,0.7099697589874268,false_positive,num__phyloP100way_vertebrate,0.8712087273597717,num__AN,-0.6515548229217529,num__lof_z,-0.6507989764213562
16:176740:G:C,HBA1,1,0,0.7266256213188171,0.540669858455658,false_positive,num__phyloP100way_vertebrate,-0.7236525416374207,num__AN,-0.4414895176887512,num__phastCons100way_vertebrate,0.37080055475234985
19:1612330:C:T,TCF3,1,0,0.7690299153327942,0.5772727131843567,false_positive,num__phyloP100way_vertebrate,1.0226222276687622,num__AN,-0.6389356255531311,cat__alt_aa_P,0.34797924757003784
12:13563446:G:C,GRIN2B,1,0,0.6990435719490051,0.5277777910232544,false_positive,num__phyloP100way_vertebrate,-0.7318729162216187,num__lof_z,-0.4957483410835266,num__pfam_domain,0.3851321339607239
17:63421156:A:G,TANC2,2,0,0.7282865047454834,0.540669858455658,false_positive,num__phyloP100way_vertebrate,0.8549358248710632,num__lof_z,-0.7452954053878784,num__AN,-0.6493322253227234
12:111885965:G:A,SH2B3,1,0,0.8994967937469482,0.8314350843429565,false_positive,num__phyloP100way_vertebrate,1.0136301517486572,num__AN,-0.7253441214561462,num__lof_z,0.4749230742454529
5:90683980:A:G,ADGRV1,1,0,0.7865536212921143,0.6247818470001221,false_positive,num__phyloP100way_vertebrate,1.038016676902771,num__AN,-0.8239793181419373,cat__alt_aa_P,0.3271934390068054
12:13563288:A:G,GRIN2B,1,0,0.7911764979362488,0.6247818470001221,false_positive,num__AN,-0.6702314615249634,num__lof_z,-0.4967866539955139,num__phyloP100way_vertebrate,-0.3482966423034668
5:90855770:T:C,ADGRV1,1,0,0.785163164138794,0.6247818470001221,false_positive,num__phyloP100way_vertebrate,1.0500648021697998,num__AN,-0.6795689463615417,cat__alt_aa_P,0.3680891990661621
16:8895685:A:G,PMM2,1,0,0.9148778915405273,0.8446969985961914,false_positive,num__phyloP100way_vertebrate,0.9939195513725281,num__AN,-0.7361593842506409,num__lof_z,0.5640455484390259
19:1401356:C:T,GAMT,1,0,0.9031318426132202,0.8314350843429565,false_positive,num__phyloP100way_vertebrate,0.834898829460144,num__AN,-0.718503475189209,num__lof_z,0.6604793667793274
2:209941325:G:A,UNC80,1,0,0.9148393273353577,0.8446969985961914,false_positive,num__phyloP100way_vertebrate,1.2178523540496826,num__AN,-0.5871652960777283,num__lof_z,-0.34933820366859436
20:38012573:A:G,TTI1,1,0,0.7870541214942932,0.6247818470001221,false_positive,num__phyloP100way_vertebrate,0.9976328015327454,num__AN,-0.7014325857162476,num__lof_z,0.5030990839004517
4:56478422:A:G,SRP72,2,0,0.7148656845092773,0.5333333611488342,false_positive,num__phyloP100way_vertebrate,1.1159260272979736,num__AN,-0.6049005389213562,cat__alt_aa_P,0.3873649537563324
5:64785541:G:A,CWC27,2,0,0.9230455756187439,0.8549489974975586,false_positive,num__phyloP100way_vertebrate,0.9795003533363342,num__AN,-0.6863084435462952,num__lof_z,0.5533283352851868
12:53195720:T:C,ITGB7,1,0,0.9186968207359314,0.8446969985961914,false_positive,num__phyloP100way_vertebrate,0.9773067831993103,num__AN,-0.8235738277435303,cat__alt_aa_P,0.25853583216667175
5:90712359:G:A,ADGRV1,1,0,0.739814817905426,0.540669858455658,false_positive,num__AN,-0.8452702760696411,num__phyloP100way_vertebrate,0.3535279333591461,num__pfam_domain,0.3421156108379364
12:13564341:A:T,GRIN2B,1,0,0.9311561584472656,0.8681318759918213,false_positive,num__phyloP100way_vertebrate,0.8067723512649536,num__AN,-0.7332274317741394,num__lof_z,-0.5169984102249146
12:57516883:C:T,DDIT3,2,0,0.7060657739639282,0.5333333611488342,false_positive,num__AN,-0.550652801990509,num__lof_z,0.5260214805603027,cat__alt_aa_P,0.49262332916259766
2:144404026:G:A,ZEB2,2,0,0.8705601692199707,0.7555847764015198,false_positive,num__phyloP100way_vertebrate,1.1957207918167114,num__AN,-0.6442091464996338,num__lof_z,-0.5822110772132874
19:7267390:C:T,INSR,1,0,0.9241628646850586,0.8681318759918213,false_positive,num__phyloP100way_vertebrate,0.8856242299079895,num__AN,-0.661369264125824,num__pfam_domain,0.3109324872493744
10:87965338:A:G,PTEN,3,0,0.7887975573539734,0.6247818470001221,false_positive,num__phyloP100way_vertebrate,1.0667781829833984,num__AN,-0.7104563117027283,num__pfam_domain,0.33757534623146057
5:90685963:A:G,ADGRV1,1,0,0.7838418483734131,0.5975610017776489,false_positive,num__phyloP100way_vertebrate,1.0566271543502808,num__AN,-0.6580785512924194,cat__alt_aa_P,0.3615208566188812
15:72731341:G:A,BBS4,2,0,0.9262792468070984,0.8681318759918213,false_positive,num__phyloP100way_vertebrate,1.0725626945495605,num__AN,-0.6880234479904175,num__lof_z,0.4316850006580353
12:50090398:A:G,SMARCD1,1,0,0.9451845288276672,0.8942436575889587,false_positive,num__phyloP100way_vertebrate,1.1642534732818604,num__AN,-0.589780867099762,num__pfam_domain,0.3490181267261505
19:1612275:G:A,TCF3,1,0,0.711093008518219,0.5333333611488342,false_positive,num__phyloP100way_vertebrate,1.1038002967834473,num__AN,-0.6837581396102905,num__oe_mis_upper,-0.3009244501590729
10:113160641:T:C,TCF7L2,1,0,0.9258003234863281,0.8681318759918213,false_positive,num__AN,-0.7440764307975769,num__phyloP100way_vertebrate,0.7314041256904602,num__pfam_domain,0.4100390076637268
11:18305436:T:G,HPS5,1,0,0.713608980178833,0.5333333611488342,false_positive,num__phyloP100way_vertebrate,-0.7161574959754944,num__AN,-0.6262788772583008,num__pfam_domain,0.3604596257209778
10:84201915:G:A,CDHR1,1,0,0.8183218240737915,0.6247818470001221,false_positive,num__phyloP100way_vertebrate,1.1227246522903442,num__AN,-0.6057398319244385,num__lof_z,0.4280383586883545
1:29070547:C:T,EPB41,1,0,0.7134172320365906,0.5333333611488342,false_positive,num__AN,-0.7960478067398071,num__oe_mis_upper,-0.28399378061294556,cat__alt_aa_P,0.27834638953208923
2:144399976:A:G,ZEB2,1,0,0.7993241548538208,0.6247818470001221,false_positive,num__phyloP100way_vertebrate,1.1478477716445923,num__lof_z,-0.6209877729415894,num__AN,-0.6037542223930359
9:95928855:T:C,ERCC6L2,2,0,0.8560501337051392,0.7099697589874268,false_positive,num__AN,-0.8834301233291626,num__phyloP100way_vertebrate,0.6087949872016907,cat__alt_aa_P,0.35717353224754333
5:90692747:T:G,ADGRV1,1,0,0.8468620181083679,0.7099697589874268,false_positive,num__AN,-0.8652157187461853,num__pfam_domain,0.30023518204689026,cat__alt_aa_P,0.24582597613334656
2:15945898:C:T,MYCN,1,0,0.930575430393219,0.8681318759918213,false_positive,num__AN,-0.832414448261261,num__pfam_domain,0.41222354769706726,num__lof_z,0.3832775950431824
10:49646516:C:T,CHAT,2,0,0.797009289264679,0.6247818470001221,false_positive,num__phyloP100way_vertebrate,-0.5991759896278381,num__AN,-0.5802648067474365,num__lof_z,0.4306243062019348
5:90985396:G:A,ADGRV1,1,0,0.9001585245132446,0.8314350843429565,false_positive,num__phyloP100way_vertebrate,1.1722629070281982,num__AN,-0.6523833274841309,cat__alt_aa_P,0.3290208876132965
18:55403462:A:C,TCF4,1,0,0.7238844633102417,0.5333333611488342,false_positive,num__AN,-0.915627658367157,num__lof_z,-0.5868864059448242,num__pfam_domain,0.30116403102874756
14:93613022:T:A,UNC79,1,0,0.9169079065322876,0.8446969985961914,false_positive,num__phyloP100way_vertebrate,1.0578854084014893,num__AN,-0.6923056840896606,num__lof_z,-0.6482983231544495
6:69699189:A:G,LMBRD1,2,0,0.896853506565094,0.8314350843429565,false_positive,num__AN,-0.7710164189338684,num__phyloP100way_vertebrate,0.717631995677948,num__lof_z,0.570747971534729
